{"cameraMode":{"drawMode":0,"name":"Shaded","section":"Shading Mode"},"sceneLighting":true,"audioPlay":false,"sceneViewState":{"m_AlwaysRefresh":false,"showFog":true,"showSkybox":true,"showFlares":true,"showImageEffects":true,"showParticleSystems":true,"showVisualEffectGraphs":true,"m_FxEnabled":true},"in2DMode":false,"pivot":{"x":-4.088008880615234,"y":-13.097383499145508,"z":18.73198890686035},"rotation":{"x":0.043321821838617328,"y":0.08680805563926697,"z":-0.0037785093300044538,"w":0.9952763319015503},"size":20.362659454345704,"orthographic":false}