{"cameraMode":{"drawMode":0,"name":"Shaded","section":"Shading Mode"},"sceneLighting":true,"audioPlay":false,"sceneViewState":{"m_AlwaysRefresh":false,"showFog":true,"showSkybox":true,"showFlares":true,"showImageEffects":true,"showParticleSystems":true,"showVisualEffectGraphs":true,"m_FxEnabled":true},"in2DMode":false,"pivot":{"x":2.8533551692962648,"y":-0.21657168865203858,"z":18.6524715423584},"rotation":{"x":0.043321821838617328,"y":0.08680805563926697,"z":-0.0037785093300044538,"w":0.9952763319015503},"size":9.453181266784668,"orthographic":false}